field,witness_rank,catalog_index,graph6,shared_signature,shared_signature_sha256
e1,1,0,I????????,"[[0],[0],[0],[0],[0],[0],[0],[0],[0],[0]]",fb85cf8d96ba5a504647077aa791bfb0384c67456ed70b1b57aa711e929a29b3
e1,2,1,I??????_?,"[[0],[0],[0],[0],[0],[0],[0],[0],[0],[0]]",fb85cf8d96ba5a504647077aa791bfb0384c67456ed70b1b57aa711e929a29b3
e1,3,2,I??????o?,"[[0],[0],[0],[0],[0],[0],[0],[0],[0],[0]]",fb85cf8d96ba5a504647077aa791bfb0384c67456ed70b1b57aa711e929a29b3
e1,4,3,I??????w?,"[[0],[0],[0],[0],[0],[0],[0],[0],[0],[0]]",fb85cf8d96ba5a504647077aa791bfb0384c67456ed70b1b57aa711e929a29b3
e1,5,4,I??????{?,"[[0],[0],[0],[0],[0],[0],[0],[0],[0],[0]]",fb85cf8d96ba5a504647077aa791bfb0384c67456ed70b1b57aa711e929a29b3
e1,6,5,I??????}?,"[[0],[0],[0],[0],[0],[0],[0],[0],[0],[0]]",fb85cf8d96ba5a504647077aa791bfb0384c67456ed70b1b57aa711e929a29b3
e1,7,6,I??????~?,"[[0],[0],[0],[0],[0],[0],[0],[0],[0],[0]]",fb85cf8d96ba5a504647077aa791bfb0384c67456ed70b1b57aa711e929a29b3
e1,8,7,I??????~_,"[[0],[0],[0],[0],[0],[0],[0],[0],[0],[0]]",fb85cf8d96ba5a504647077aa791bfb0384c67456ed70b1b57aa711e929a29b3
e1,9,8,I??????~o,"[[0],[0],[0],[0],[0],[0],[0],[0],[0],[0]]",fb85cf8d96ba5a504647077aa791bfb0384c67456ed70b1b57aa711e929a29b3
e1,10,9,I??????~w,"[[0],[0],[0],[0],[0],[0],[0],[0],[0],[0]]",fb85cf8d96ba5a504647077aa791bfb0384c67456ed70b1b57aa711e929a29b3
e1,11,17,I????A?_G,"[[0],[0],[0],[0],[0],[0],[0],[0],[0],[0]]",fb85cf8d96ba5a504647077aa791bfb0384c67456ed70b1b57aa711e929a29b3
e1,12,53,I????B?o?,"[[0],[0],[0],[0],[0],[0],[0],[0],[0],[0]]",fb85cf8d96ba5a504647077aa791bfb0384c67456ed70b1b57aa711e929a29b3
e1,13,54,I????B?oG,"[[0],[0],[0],[0],[0],[0],[0],[0],[0],[0]]",fb85cf8d96ba5a504647077aa791bfb0384c67456ed70b1b57aa711e929a29b3
e1,14,91,I????B_w?,"[[0],[0],[0],[0],[0],[0],[0],[0],[0],[0]]",fb85cf8d96ba5a504647077aa791bfb0384c67456ed70b1b57aa711e929a29b3
e1,15,92,I????B_wG,"[[0],[0],[0],[0],[0],[0],[0],[0],[0],[0]]",fb85cf8d96ba5a504647077aa791bfb0384c67456ed70b1b57aa711e929a29b3
e1,16,123,I????Bo{?,"[[0],[0],[0],[0],[0],[0],[0],[0],[0],[0]]",fb85cf8d96ba5a504647077aa791bfb0384c67456ed70b1b57aa711e929a29b3
e1,17,124,I????Bo{G,"[[0],[0],[0],[0],[0],[0],[0],[0],[0],[0]]",fb85cf8d96ba5a504647077aa791bfb0384c67456ed70b1b57aa711e929a29b3
e1,18,145,I????Bw}?,"[[0],[0],[0],[0],[0],[0],[0],[0],[0],[0]]",fb85cf8d96ba5a504647077aa791bfb0384c67456ed70b1b57aa711e929a29b3
e1,19,146,I????Bw}G,"[[0],[0],[0],[0],[0],[0],[0],[0],[0],[0]]",fb85cf8d96ba5a504647077aa791bfb0384c67456ed70b1b57aa711e929a29b3
e1,20,159,I????B{~?,"[[0],[0],[0],[0],[0],[0],[0],[0],[0],[0]]",fb85cf8d96ba5a504647077aa791bfb0384c67456ed70b1b57aa711e929a29b3
e1,21,160,I????B{~G,"[[0],[0],[0],[0],[0],[0],[0],[0],[0],[0]]",fb85cf8d96ba5a504647077aa791bfb0384c67456ed70b1b57aa711e929a29b3
e1,22,167,I????B}~_,"[[0],[0],[0],[0],[0],[0],[0],[0],[0],[0]]",fb85cf8d96ba5a504647077aa791bfb0384c67456ed70b1b57aa711e929a29b3
e1,23,168,I????B}~g,"[[0],[0],[0],[0],[0],[0],[0],[0],[0],[0]]",fb85cf8d96ba5a504647077aa791bfb0384c67456ed70b1b57aa711e929a29b3
e1,24,171,I????B~~o,"[[0],[0],[0],[0],[0],[0],[0],[0],[0],[0]]",fb85cf8d96ba5a504647077aa791bfb0384c67456ed70b1b57aa711e929a29b3
e1,25,172,I????B~~w,"[[0],[0],[0],[0],[0],[0],[0],[0],[0],[0]]",fb85cf8d96ba5a504647077aa791bfb0384c67456ed70b1b57aa711e929a29b3
e1,26,2041,I???EB?oW,"[[0],[0],[0],[0],[0],[0],[0],[0],[0],[0]]",fb85cf8d96ba5a504647077aa791bfb0384c67456ed70b1b57aa711e929a29b3
e1,27,3386,I???FB_w?,"[[0],[0],[0],[0],[0],[0],[0],[0],[0],[0]]",fb85cf8d96ba5a504647077aa791bfb0384c67456ed70b1b57aa711e929a29b3
e1,28,3388,I???FB_wW,"[[0],[0],[0],[0],[0],[0],[0],[0],[0],[0]]",fb85cf8d96ba5a504647077aa791bfb0384c67456ed70b1b57aa711e929a29b3
e1,29,4045,I???Fbo{?,"[[0],[0],[0],[0],[0],[0],[0],[0],[0],[0]]",fb85cf8d96ba5a504647077aa791bfb0384c67456ed70b1b57aa711e929a29b3
e1,30,4047,I???Fbo{W,"[[0],[0],[0],[0],[0],[0],[0],[0],[0],[0]]",fb85cf8d96ba5a504647077aa791bfb0384c67456ed70b1b57aa711e929a29b3
e1,31,4275,I???Frw}?,"[[0],[0],[0],[0],[0],[0],[0],[0],[0],[0]]",fb85cf8d96ba5a504647077aa791bfb0384c67456ed70b1b57aa711e929a29b3
e1,32,4277,I???Frw}W,"[[0],[0],[0],[0],[0],[0],[0],[0],[0],[0]]",fb85cf8d96ba5a504647077aa791bfb0384c67456ed70b1b57aa711e929a29b3
e1,33,4338,I???Fz{~?,"[[0],[0],[0],[0],[0],[0],[0],[0],[0],[0]]",fb85cf8d96ba5a504647077aa791bfb0384c67456ed70b1b57aa711e929a29b3
e2,1,113267,I??FfV{~?,"[[-19],[-18],[-18],[-17],[-17],[-17],[-16],[-16],[-15],[-15]]",1f38111c4b6193e6d909380a58bd1561042d786dc6650c42a1cfcb40245a9bba
e2,2,113464,I??FfZm~?,"[[-19],[-18],[-18],[-17],[-17],[-17],[-16],[-16],[-15],[-15]]",1f38111c4b6193e6d909380a58bd1561042d786dc6650c42a1cfcb40245a9bba
e2,3,113598,I??FfZy~?,"[[-19],[-18],[-18],[-17],[-17],[-17],[-16],[-16],[-15],[-15]]",1f38111c4b6193e6d909380a58bd1561042d786dc6650c42a1cfcb40245a9bba
e2,4,114150,I??Ffrm~?,"[[-19],[-18],[-18],[-17],[-17],[-17],[-16],[-16],[-15],[-15]]",1f38111c4b6193e6d909380a58bd1561042d786dc6650c42a1cfcb40245a9bba
e2,5,114468,I??Fvjk|_,"[[-19],[-18],[-18],[-17],[-17],[-17],[-16],[-16],[-15],[-15]]",1f38111c4b6193e6d909380a58bd1561042d786dc6650c42a1cfcb40245a9bba
e2,6,114470,I??Fvjk}_,"[[-19],[-18],[-18],[-17],[-17],[-17],[-16],[-16],[-15],[-15]]",1f38111c4b6193e6d909380a58bd1561042d786dc6650c42a1cfcb40245a9bba
e2,7,114600,I??FvrszG,"[[-19],[-18],[-18],[-17],[-17],[-17],[-16],[-16],[-15],[-15]]",1f38111c4b6193e6d909380a58bd1561042d786dc6650c42a1cfcb40245a9bba
e2,8,406814,I?ABbvu~?,"[[-19],[-18],[-18],[-17],[-17],[-17],[-16],[-16],[-15],[-15]]",1f38111c4b6193e6d909380a58bd1561042d786dc6650c42a1cfcb40245a9bba
e2,9,406925,I?ABbvy~?,"[[-19],[-18],[-18],[-17],[-17],[-17],[-16],[-16],[-15],[-15]]",1f38111c4b6193e6d909380a58bd1561042d786dc6650c42a1cfcb40245a9bba
e2,10,441567,I?ABe^m~?,"[[-19],[-18],[-18],[-17],[-17],[-17],[-16],[-16],[-15],[-15]]",1f38111c4b6193e6d909380a58bd1561042d786dc6650c42a1cfcb40245a9bba
e2,11,441707,I?ABe^u~?,"[[-19],[-18],[-18],[-17],[-17],[-17],[-16],[-16],[-15],[-15]]",1f38111c4b6193e6d909380a58bd1561042d786dc6650c42a1cfcb40245a9bba
e2,12,457520,I?ABfN]~?,"[[-19],[-18],[-18],[-17],[-17],[-17],[-16],[-16],[-15],[-15]]",1f38111c4b6193e6d909380a58bd1561042d786dc6650c42a1cfcb40245a9bba
e2,13,457836,I?ABfNy~?,"[[-19],[-18],[-18],[-17],[-17],[-17],[-16],[-16],[-15],[-15]]",1f38111c4b6193e6d909380a58bd1561042d786dc6650c42a1cfcb40245a9bba
e2,14,464430,I?ABfVm~?,"[[-19],[-18],[-18],[-17],[-17],[-17],[-16],[-16],[-15],[-15]]",1f38111c4b6193e6d909380a58bd1561042d786dc6650c42a1cfcb40245a9bba
e2,15,464669,I?ABfVu~?,"[[-19],[-18],[-18],[-17],[-17],[-17],[-16],[-16],[-15],[-15]]",1f38111c4b6193e6d909380a58bd1561042d786dc6650c42a1cfcb40245a9bba
e2,16,464835,I?ABfV{}_,"[[-19],[-18],[-18],[-17],[-17],[-17],[-16],[-16],[-15],[-15]]",1f38111c4b6193e6d909380a58bd1561042d786dc6650c42a1cfcb40245a9bba
e2,17,464942,I?ABfZ]v_,"[[-19],[-18],[-18],[-17],[-17],[-17],[-16],[-16],[-15],[-15]]",1f38111c4b6193e6d909380a58bd1561042d786dc6650c42a1cfcb40245a9bba
e2,18,464949,I?ABfZ]z_,"[[-19],[-18],[-18],[-17],[-17],[-17],[-16],[-16],[-15],[-15]]",1f38111c4b6193e6d909380a58bd1561042d786dc6650c42a1cfcb40245a9bba
e2,19,464955,I?ABfZ]|_,"[[-19],[-18],[-18],[-17],[-17],[-17],[-16],[-16],[-15],[-15]]",1f38111c4b6193e6d909380a58bd1561042d786dc6650c42a1cfcb40245a9bba
e2,20,465190,I?ABfZyz_,"[[-19],[-18],[-18],[-17],[-17],[-17],[-16],[-16],[-15],[-15]]",1f38111c4b6193e6d909380a58bd1561042d786dc6650c42a1cfcb40245a9bba
e2,21,465197,I?ABfZy|_,"[[-19],[-18],[-18],[-17],[-17],[-17],[-16],[-16],[-15],[-15]]",1f38111c4b6193e6d909380a58bd1561042d786dc6650c42a1cfcb40245a9bba
e2,22,465202,I?ABfZy}_,"[[-19],[-18],[-18],[-17],[-17],[-17],[-16],[-16],[-15],[-15]]",1f38111c4b6193e6d909380a58bd1561042d786dc6650c42a1cfcb40245a9bba
e2,23,467812,I?ABffm~?,"[[-19],[-18],[-18],[-17],[-17],[-17],[-16],[-16],[-15],[-15]]",1f38111c4b6193e6d909380a58bd1561042d786dc6650c42a1cfcb40245a9bba
e2,24,468112,I?ABff{^_,"[[-19],[-18],[-18],[-17],[-17],[-17],[-16],[-16],[-15],[-15]]",1f38111c4b6193e6d909380a58bd1561042d786dc6650c42a1cfcb40245a9bba
e2,25,468158,I?ABfjmv_,"[[-19],[-18],[-18],[-17],[-17],[-17],[-16],[-16],[-15],[-15]]",1f38111c4b6193e6d909380a58bd1561042d786dc6650c42a1cfcb40245a9bba
e2,26,468261,I?ABfjy^_,"[[-19],[-18],[-18],[-17],[-17],[-17],[-16],[-16],[-15],[-15]]",1f38111c4b6193e6d909380a58bd1561042d786dc6650c42a1cfcb40245a9bba
e2,27,468267,I?ABfjyz_,"[[-19],[-18],[-18],[-17],[-17],[-17],[-16],[-16],[-15],[-15]]",1f38111c4b6193e6d909380a58bd1561042d786dc6650c42a1cfcb40245a9bba
e2,28,468438,I?ABfp}^_,"[[-19],[-18],[-18],[-17],[-17],[-17],[-16],[-16],[-15],[-15]]",1f38111c4b6193e6d909380a58bd1561042d786dc6650c42a1cfcb40245a9bba
e2,29,468450,I?ABfp}|_,"[[-19],[-18],[-18],[-17],[-17],[-17],[-16],[-16],[-15],[-15]]",1f38111c4b6193e6d909380a58bd1561042d786dc6650c42a1cfcb40245a9bba
e2,30,468456,I?ABfp}}_,"[[-19],[-18],[-18],[-17],[-17],[-17],[-16],[-16],[-15],[-15]]",1f38111c4b6193e6d909380a58bd1561042d786dc6650c42a1cfcb40245a9bba
e2,31,468726,I?ABfrmz_,"[[-19],[-18],[-18],[-17],[-17],[-17],[-16],[-16],[-15],[-15]]",1f38111c4b6193e6d909380a58bd1561042d786dc6650c42a1cfcb40245a9bba
e2,32,468733,I?ABfrm|_,"[[-19],[-18],[-18],[-17],[-17],[-17],[-16],[-16],[-15],[-15]]",1f38111c4b6193e6d909380a58bd1561042d786dc6650c42a1cfcb40245a9bba
e2,33,468739,I?ABfrm}_,"[[-19],[-18],[-18],[-17],[-17],[-17],[-16],[-16],[-15],[-15]]",1f38111c4b6193e6d909380a58bd1561042d786dc6650c42a1cfcb40245a9bba
e3,1,0,I????????,"[[0],[0],[0],[0],[0],[0],[0],[0],[0],[0]]",fb85cf8d96ba5a504647077aa791bfb0384c67456ed70b1b57aa711e929a29b3
e3,2,1,I??????_?,"[[0],[0],[0],[0],[0],[0],[0],[0],[0],[0]]",fb85cf8d96ba5a504647077aa791bfb0384c67456ed70b1b57aa711e929a29b3
e3,3,2,I??????o?,"[[0],[0],[0],[0],[0],[0],[0],[0],[0],[0]]",fb85cf8d96ba5a504647077aa791bfb0384c67456ed70b1b57aa711e929a29b3
e3,4,3,I??????w?,"[[0],[0],[0],[0],[0],[0],[0],[0],[0],[0]]",fb85cf8d96ba5a504647077aa791bfb0384c67456ed70b1b57aa711e929a29b3
e3,5,4,I??????{?,"[[0],[0],[0],[0],[0],[0],[0],[0],[0],[0]]",fb85cf8d96ba5a504647077aa791bfb0384c67456ed70b1b57aa711e929a29b3
e3,6,5,I??????}?,"[[0],[0],[0],[0],[0],[0],[0],[0],[0],[0]]",fb85cf8d96ba5a504647077aa791bfb0384c67456ed70b1b57aa711e929a29b3
e3,7,6,I??????~?,"[[0],[0],[0],[0],[0],[0],[0],[0],[0],[0]]",fb85cf8d96ba5a504647077aa791bfb0384c67456ed70b1b57aa711e929a29b3
e3,8,7,I??????~_,"[[0],[0],[0],[0],[0],[0],[0],[0],[0],[0]]",fb85cf8d96ba5a504647077aa791bfb0384c67456ed70b1b57aa711e929a29b3
e3,9,8,I??????~o,"[[0],[0],[0],[0],[0],[0],[0],[0],[0],[0]]",fb85cf8d96ba5a504647077aa791bfb0384c67456ed70b1b57aa711e929a29b3
e3,10,9,I??????~w,"[[0],[0],[0],[0],[0],[0],[0],[0],[0],[0]]",fb85cf8d96ba5a504647077aa791bfb0384c67456ed70b1b57aa711e929a29b3
e3,11,10,I????A?O?,"[[0],[0],[0],[0],[0],[0],[0],[0],[0],[0]]",fb85cf8d96ba5a504647077aa791bfb0384c67456ed70b1b57aa711e929a29b3
e3,12,11,I????A?W?,"[[0],[0],[0],[0],[0],[0],[0],[0],[0],[0]]",fb85cf8d96ba5a504647077aa791bfb0384c67456ed70b1b57aa711e929a29b3
e3,13,12,I????A?[?,"[[0],[0],[0],[0],[0],[0],[0],[0],[0],[0]]",fb85cf8d96ba5a504647077aa791bfb0384c67456ed70b1b57aa711e929a29b3
e3,14,13,I????A?]?,"[[0],[0],[0],[0],[0],[0],[0],[0],[0],[0]]",fb85cf8d96ba5a504647077aa791bfb0384c67456ed70b1b57aa711e929a29b3
e3,15,14,I????A?^?,"[[0],[0],[0],[0],[0],[0],[0],[0],[0],[0]]",fb85cf8d96ba5a504647077aa791bfb0384c67456ed70b1b57aa711e929a29b3
e3,16,15,I????A?^_,"[[0],[0],[0],[0],[0],[0],[0],[0],[0],[0]]",fb85cf8d96ba5a504647077aa791bfb0384c67456ed70b1b57aa711e929a29b3
e3,17,16,I????A?^o,"[[0],[0],[0],[0],[0],[0],[0],[0],[0],[0]]",fb85cf8d96ba5a504647077aa791bfb0384c67456ed70b1b57aa711e929a29b3
e3,18,18,I????A?o?,"[[0],[0],[0],[0],[0],[0],[0],[0],[0],[0]]",fb85cf8d96ba5a504647077aa791bfb0384c67456ed70b1b57aa711e929a29b3
e3,19,20,I????A?w?,"[[0],[0],[0],[0],[0],[0],[0],[0],[0],[0]]",fb85cf8d96ba5a504647077aa791bfb0384c67456ed70b1b57aa711e929a29b3
e3,20,22,I????A?{?,"[[0],[0],[0],[0],[0],[0],[0],[0],[0],[0]]",fb85cf8d96ba5a504647077aa791bfb0384c67456ed70b1b57aa711e929a29b3
e3,21,24,I????A?}?,"[[0],[0],[0],[0],[0],[0],[0],[0],[0],[0]]",fb85cf8d96ba5a504647077aa791bfb0384c67456ed70b1b57aa711e929a29b3
e3,22,26,I????A?~?,"[[0],[0],[0],[0],[0],[0],[0],[0],[0],[0]]",fb85cf8d96ba5a504647077aa791bfb0384c67456ed70b1b57aa711e929a29b3
e3,23,28,I????A?~_,"[[0],[0],[0],[0],[0],[0],[0],[0],[0],[0]]",fb85cf8d96ba5a504647077aa791bfb0384c67456ed70b1b57aa711e929a29b3
e3,24,30,I????A?~o,"[[0],[0],[0],[0],[0],[0],[0],[0],[0],[0]]",fb85cf8d96ba5a504647077aa791bfb0384c67456ed70b1b57aa711e929a29b3
e3,25,32,I????B?K?,"[[0],[0],[0],[0],[0],[0],[0],[0],[0],[0]]",fb85cf8d96ba5a504647077aa791bfb0384c67456ed70b1b57aa711e929a29b3
e3,26,33,I????B?KG,"[[0],[0],[0],[0],[0],[0],[0],[0],[0],[0]]",fb85cf8d96ba5a504647077aa791bfb0384c67456ed70b1b57aa711e929a29b3
e3,27,34,I????B?M?,"[[0],[0],[0],[0],[0],[0],[0],[0],[0],[0]]",fb85cf8d96ba5a504647077aa791bfb0384c67456ed70b1b57aa711e929a29b3
e3,28,35,I????B?MG,"[[0],[0],[0],[0],[0],[0],[0],[0],[0],[0]]",fb85cf8d96ba5a504647077aa791bfb0384c67456ed70b1b57aa711e929a29b3
e3,29,36,I????B?N?,"[[0],[0],[0],[0],[0],[0],[0],[0],[0],[0]]",fb85cf8d96ba5a504647077aa791bfb0384c67456ed70b1b57aa711e929a29b3
e3,30,37,I????B?NG,"[[0],[0],[0],[0],[0],[0],[0],[0],[0],[0]]",fb85cf8d96ba5a504647077aa791bfb0384c67456ed70b1b57aa711e929a29b3
e3,31,38,I????B?N_,"[[0],[0],[0],[0],[0],[0],[0],[0],[0],[0]]",fb85cf8d96ba5a504647077aa791bfb0384c67456ed70b1b57aa711e929a29b3
e3,32,39,I????B?Ng,"[[0],[0],[0],[0],[0],[0],[0],[0],[0],[0]]",fb85cf8d96ba5a504647077aa791bfb0384c67456ed70b1b57aa711e929a29b3
e3,33,40,I????B?No,"[[0],[0],[0],[0],[0],[0],[0],[0],[0],[0]]",fb85cf8d96ba5a504647077aa791bfb0384c67456ed70b1b57aa711e929a29b3
e4,1,0,I????????,"[[0],[0],[0],[0],[0],[0],[0],[0],[0],[0]]",fb85cf8d96ba5a504647077aa791bfb0384c67456ed70b1b57aa711e929a29b3
e4,2,1,I??????_?,"[[0],[0],[0],[0],[0],[0],[0],[0],[0],[0]]",fb85cf8d96ba5a504647077aa791bfb0384c67456ed70b1b57aa711e929a29b3
e4,3,2,I??????o?,"[[0],[0],[0],[0],[0],[0],[0],[0],[0],[0]]",fb85cf8d96ba5a504647077aa791bfb0384c67456ed70b1b57aa711e929a29b3
e4,4,3,I??????w?,"[[0],[0],[0],[0],[0],[0],[0],[0],[0],[0]]",fb85cf8d96ba5a504647077aa791bfb0384c67456ed70b1b57aa711e929a29b3
e4,5,4,I??????{?,"[[0],[0],[0],[0],[0],[0],[0],[0],[0],[0]]",fb85cf8d96ba5a504647077aa791bfb0384c67456ed70b1b57aa711e929a29b3
e4,6,5,I??????}?,"[[0],[0],[0],[0],[0],[0],[0],[0],[0],[0]]",fb85cf8d96ba5a504647077aa791bfb0384c67456ed70b1b57aa711e929a29b3
e4,7,6,I??????~?,"[[0],[0],[0],[0],[0],[0],[0],[0],[0],[0]]",fb85cf8d96ba5a504647077aa791bfb0384c67456ed70b1b57aa711e929a29b3
e4,8,7,I??????~_,"[[0],[0],[0],[0],[0],[0],[0],[0],[0],[0]]",fb85cf8d96ba5a504647077aa791bfb0384c67456ed70b1b57aa711e929a29b3
e4,9,8,I??????~o,"[[0],[0],[0],[0],[0],[0],[0],[0],[0],[0]]",fb85cf8d96ba5a504647077aa791bfb0384c67456ed70b1b57aa711e929a29b3
e4,10,9,I??????~w,"[[0],[0],[0],[0],[0],[0],[0],[0],[0],[0]]",fb85cf8d96ba5a504647077aa791bfb0384c67456ed70b1b57aa711e929a29b3
e4,11,17,I????A?_G,"[[0],[0],[0],[0],[0],[0],[0],[0],[0],[0]]",fb85cf8d96ba5a504647077aa791bfb0384c67456ed70b1b57aa711e929a29b3
e4,12,53,I????B?o?,"[[0],[0],[0],[0],[0],[0],[0],[0],[0],[0]]",fb85cf8d96ba5a504647077aa791bfb0384c67456ed70b1b57aa711e929a29b3
e4,13,54,I????B?oG,"[[0],[0],[0],[0],[0],[0],[0],[0],[0],[0]]",fb85cf8d96ba5a504647077aa791bfb0384c67456ed70b1b57aa711e929a29b3
e4,14,91,I????B_w?,"[[0],[0],[0],[0],[0],[0],[0],[0],[0],[0]]",fb85cf8d96ba5a504647077aa791bfb0384c67456ed70b1b57aa711e929a29b3
e4,15,92,I????B_wG,"[[0],[0],[0],[0],[0],[0],[0],[0],[0],[0]]",fb85cf8d96ba5a504647077aa791bfb0384c67456ed70b1b57aa711e929a29b3
e4,16,123,I????Bo{?,"[[0],[0],[0],[0],[0],[0],[0],[0],[0],[0]]",fb85cf8d96ba5a504647077aa791bfb0384c67456ed70b1b57aa711e929a29b3
e4,17,124,I????Bo{G,"[[0],[0],[0],[0],[0],[0],[0],[0],[0],[0]]",fb85cf8d96ba5a504647077aa791bfb0384c67456ed70b1b57aa711e929a29b3
e4,18,145,I????Bw}?,"[[0],[0],[0],[0],[0],[0],[0],[0],[0],[0]]",fb85cf8d96ba5a504647077aa791bfb0384c67456ed70b1b57aa711e929a29b3
e4,19,146,I????Bw}G,"[[0],[0],[0],[0],[0],[0],[0],[0],[0],[0]]",fb85cf8d96ba5a504647077aa791bfb0384c67456ed70b1b57aa711e929a29b3
e4,20,159,I????B{~?,"[[0],[0],[0],[0],[0],[0],[0],[0],[0],[0]]",fb85cf8d96ba5a504647077aa791bfb0384c67456ed70b1b57aa711e929a29b3
e4,21,160,I????B{~G,"[[0],[0],[0],[0],[0],[0],[0],[0],[0],[0]]",fb85cf8d96ba5a504647077aa791bfb0384c67456ed70b1b57aa711e929a29b3
e4,22,167,I????B}~_,"[[0],[0],[0],[0],[0],[0],[0],[0],[0],[0]]",fb85cf8d96ba5a504647077aa791bfb0384c67456ed70b1b57aa711e929a29b3
e4,23,168,I????B}~g,"[[0],[0],[0],[0],[0],[0],[0],[0],[0],[0]]",fb85cf8d96ba5a504647077aa791bfb0384c67456ed70b1b57aa711e929a29b3
e4,24,171,I????B~~o,"[[0],[0],[0],[0],[0],[0],[0],[0],[0],[0]]",fb85cf8d96ba5a504647077aa791bfb0384c67456ed70b1b57aa711e929a29b3
e4,25,172,I????B~~w,"[[0],[0],[0],[0],[0],[0],[0],[0],[0],[0]]",fb85cf8d96ba5a504647077aa791bfb0384c67456ed70b1b57aa711e929a29b3
e4,26,2041,I???EB?oW,"[[0],[0],[0],[0],[0],[0],[0],[0],[0],[0]]",fb85cf8d96ba5a504647077aa791bfb0384c67456ed70b1b57aa711e929a29b3
e4,27,3386,I???FB_w?,"[[0],[0],[0],[0],[0],[0],[0],[0],[0],[0]]",fb85cf8d96ba5a504647077aa791bfb0384c67456ed70b1b57aa711e929a29b3
e4,28,3388,I???FB_wW,"[[0],[0],[0],[0],[0],[0],[0],[0],[0],[0]]",fb85cf8d96ba5a504647077aa791bfb0384c67456ed70b1b57aa711e929a29b3
e4,29,4045,I???Fbo{?,"[[0],[0],[0],[0],[0],[0],[0],[0],[0],[0]]",fb85cf8d96ba5a504647077aa791bfb0384c67456ed70b1b57aa711e929a29b3
e4,30,4047,I???Fbo{W,"[[0],[0],[0],[0],[0],[0],[0],[0],[0],[0]]",fb85cf8d96ba5a504647077aa791bfb0384c67456ed70b1b57aa711e929a29b3
e4,31,4275,I???Frw}?,"[[0],[0],[0],[0],[0],[0],[0],[0],[0],[0]]",fb85cf8d96ba5a504647077aa791bfb0384c67456ed70b1b57aa711e929a29b3
e4,32,4277,I???Frw}W,"[[0],[0],[0],[0],[0],[0],[0],[0],[0],[0]]",fb85cf8d96ba5a504647077aa791bfb0384c67456ed70b1b57aa711e929a29b3
e4,33,4338,I???Fz{~?,"[[0],[0],[0],[0],[0],[0],[0],[0],[0],[0]]",fb85cf8d96ba5a504647077aa791bfb0384c67456ed70b1b57aa711e929a29b3
e5,1,0,I????????,"[[0],[0],[0],[0],[0],[0],[0],[0],[0],[0]]",fb85cf8d96ba5a504647077aa791bfb0384c67456ed70b1b57aa711e929a29b3
e5,2,1,I??????_?,"[[0],[0],[0],[0],[0],[0],[0],[0],[0],[0]]",fb85cf8d96ba5a504647077aa791bfb0384c67456ed70b1b57aa711e929a29b3
e5,3,2,I??????o?,"[[0],[0],[0],[0],[0],[0],[0],[0],[0],[0]]",fb85cf8d96ba5a504647077aa791bfb0384c67456ed70b1b57aa711e929a29b3
e5,4,3,I??????w?,"[[0],[0],[0],[0],[0],[0],[0],[0],[0],[0]]",fb85cf8d96ba5a504647077aa791bfb0384c67456ed70b1b57aa711e929a29b3
e5,5,4,I??????{?,"[[0],[0],[0],[0],[0],[0],[0],[0],[0],[0]]",fb85cf8d96ba5a504647077aa791bfb0384c67456ed70b1b57aa711e929a29b3
e5,6,5,I??????}?,"[[0],[0],[0],[0],[0],[0],[0],[0],[0],[0]]",fb85cf8d96ba5a504647077aa791bfb0384c67456ed70b1b57aa711e929a29b3
e5,7,6,I??????~?,"[[0],[0],[0],[0],[0],[0],[0],[0],[0],[0]]",fb85cf8d96ba5a504647077aa791bfb0384c67456ed70b1b57aa711e929a29b3
e5,8,7,I??????~_,"[[0],[0],[0],[0],[0],[0],[0],[0],[0],[0]]",fb85cf8d96ba5a504647077aa791bfb0384c67456ed70b1b57aa711e929a29b3
e5,9,8,I??????~o,"[[0],[0],[0],[0],[0],[0],[0],[0],[0],[0]]",fb85cf8d96ba5a504647077aa791bfb0384c67456ed70b1b57aa711e929a29b3
e5,10,9,I??????~w,"[[0],[0],[0],[0],[0],[0],[0],[0],[0],[0]]",fb85cf8d96ba5a504647077aa791bfb0384c67456ed70b1b57aa711e929a29b3
e5,11,10,I????A?O?,"[[0],[0],[0],[0],[0],[0],[0],[0],[0],[0]]",fb85cf8d96ba5a504647077aa791bfb0384c67456ed70b1b57aa711e929a29b3
e5,12,11,I????A?W?,"[[0],[0],[0],[0],[0],[0],[0],[0],[0],[0]]",fb85cf8d96ba5a504647077aa791bfb0384c67456ed70b1b57aa711e929a29b3
e5,13,12,I????A?[?,"[[0],[0],[0],[0],[0],[0],[0],[0],[0],[0]]",fb85cf8d96ba5a504647077aa791bfb0384c67456ed70b1b57aa711e929a29b3
e5,14,13,I????A?]?,"[[0],[0],[0],[0],[0],[0],[0],[0],[0],[0]]",fb85cf8d96ba5a504647077aa791bfb0384c67456ed70b1b57aa711e929a29b3
e5,15,14,I????A?^?,"[[0],[0],[0],[0],[0],[0],[0],[0],[0],[0]]",fb85cf8d96ba5a504647077aa791bfb0384c67456ed70b1b57aa711e929a29b3
e5,16,15,I????A?^_,"[[0],[0],[0],[0],[0],[0],[0],[0],[0],[0]]",fb85cf8d96ba5a504647077aa791bfb0384c67456ed70b1b57aa711e929a29b3
e5,17,16,I????A?^o,"[[0],[0],[0],[0],[0],[0],[0],[0],[0],[0]]",fb85cf8d96ba5a504647077aa791bfb0384c67456ed70b1b57aa711e929a29b3
e5,18,17,I????A?_G,"[[0],[0],[0],[0],[0],[0],[0],[0],[0],[0]]",fb85cf8d96ba5a504647077aa791bfb0384c67456ed70b1b57aa711e929a29b3
e5,19,18,I????A?o?,"[[0],[0],[0],[0],[0],[0],[0],[0],[0],[0]]",fb85cf8d96ba5a504647077aa791bfb0384c67456ed70b1b57aa711e929a29b3
e5,20,19,I????A?oG,"[[0],[0],[0],[0],[0],[0],[0],[0],[0],[0]]",fb85cf8d96ba5a504647077aa791bfb0384c67456ed70b1b57aa711e929a29b3
e5,21,20,I????A?w?,"[[0],[0],[0],[0],[0],[0],[0],[0],[0],[0]]",fb85cf8d96ba5a504647077aa791bfb0384c67456ed70b1b57aa711e929a29b3
e5,22,21,I????A?wG,"[[0],[0],[0],[0],[0],[0],[0],[0],[0],[0]]",fb85cf8d96ba5a504647077aa791bfb0384c67456ed70b1b57aa711e929a29b3
e5,23,22,I????A?{?,"[[0],[0],[0],[0],[0],[0],[0],[0],[0],[0]]",fb85cf8d96ba5a504647077aa791bfb0384c67456ed70b1b57aa711e929a29b3
e5,24,23,I????A?{G,"[[0],[0],[0],[0],[0],[0],[0],[0],[0],[0]]",fb85cf8d96ba5a504647077aa791bfb0384c67456ed70b1b57aa711e929a29b3
e5,25,24,I????A?}?,"[[0],[0],[0],[0],[0],[0],[0],[0],[0],[0]]",fb85cf8d96ba5a504647077aa791bfb0384c67456ed70b1b57aa711e929a29b3
e5,26,25,I????A?}G,"[[0],[0],[0],[0],[0],[0],[0],[0],[0],[0]]",fb85cf8d96ba5a504647077aa791bfb0384c67456ed70b1b57aa711e929a29b3
e5,27,26,I????A?~?,"[[0],[0],[0],[0],[0],[0],[0],[0],[0],[0]]",fb85cf8d96ba5a504647077aa791bfb0384c67456ed70b1b57aa711e929a29b3
e5,28,27,I????A?~G,"[[0],[0],[0],[0],[0],[0],[0],[0],[0],[0]]",fb85cf8d96ba5a504647077aa791bfb0384c67456ed70b1b57aa711e929a29b3
e5,29,28,I????A?~_,"[[0],[0],[0],[0],[0],[0],[0],[0],[0],[0]]",fb85cf8d96ba5a504647077aa791bfb0384c67456ed70b1b57aa711e929a29b3
e5,30,29,I????A?~g,"[[0],[0],[0],[0],[0],[0],[0],[0],[0],[0]]",fb85cf8d96ba5a504647077aa791bfb0384c67456ed70b1b57aa711e929a29b3
e5,31,30,I????A?~o,"[[0],[0],[0],[0],[0],[0],[0],[0],[0],[0]]",fb85cf8d96ba5a504647077aa791bfb0384c67456ed70b1b57aa711e929a29b3
e5,32,31,I????A?~w,"[[0],[0],[0],[0],[0],[0],[0],[0],[0],[0]]",fb85cf8d96ba5a504647077aa791bfb0384c67456ed70b1b57aa711e929a29b3
e5,33,32,I????B?K?,"[[0],[0],[0],[0],[0],[0],[0],[0],[0],[0]]",fb85cf8d96ba5a504647077aa791bfb0384c67456ed70b1b57aa711e929a29b3
e6,1,0,I????????,"[[0],[0],[0],[0],[0],[0],[0],[0],[0],[0]]",fb85cf8d96ba5a504647077aa791bfb0384c67456ed70b1b57aa711e929a29b3
e6,2,1,I??????_?,"[[0],[0],[0],[0],[0],[0],[0],[0],[0],[0]]",fb85cf8d96ba5a504647077aa791bfb0384c67456ed70b1b57aa711e929a29b3
e6,3,2,I??????o?,"[[0],[0],[0],[0],[0],[0],[0],[0],[0],[0]]",fb85cf8d96ba5a504647077aa791bfb0384c67456ed70b1b57aa711e929a29b3
e6,4,3,I??????w?,"[[0],[0],[0],[0],[0],[0],[0],[0],[0],[0]]",fb85cf8d96ba5a504647077aa791bfb0384c67456ed70b1b57aa711e929a29b3
e6,5,4,I??????{?,"[[0],[0],[0],[0],[0],[0],[0],[0],[0],[0]]",fb85cf8d96ba5a504647077aa791bfb0384c67456ed70b1b57aa711e929a29b3
e6,6,5,I??????}?,"[[0],[0],[0],[0],[0],[0],[0],[0],[0],[0]]",fb85cf8d96ba5a504647077aa791bfb0384c67456ed70b1b57aa711e929a29b3
e6,7,6,I??????~?,"[[0],[0],[0],[0],[0],[0],[0],[0],[0],[0]]",fb85cf8d96ba5a504647077aa791bfb0384c67456ed70b1b57aa711e929a29b3
e6,8,7,I??????~_,"[[0],[0],[0],[0],[0],[0],[0],[0],[0],[0]]",fb85cf8d96ba5a504647077aa791bfb0384c67456ed70b1b57aa711e929a29b3
e6,9,8,I??????~o,"[[0],[0],[0],[0],[0],[0],[0],[0],[0],[0]]",fb85cf8d96ba5a504647077aa791bfb0384c67456ed70b1b57aa711e929a29b3
e6,10,9,I??????~w,"[[0],[0],[0],[0],[0],[0],[0],[0],[0],[0]]",fb85cf8d96ba5a504647077aa791bfb0384c67456ed70b1b57aa711e929a29b3
e6,11,10,I????A?O?,"[[0],[0],[0],[0],[0],[0],[0],[0],[0],[0]]",fb85cf8d96ba5a504647077aa791bfb0384c67456ed70b1b57aa711e929a29b3
e6,12,11,I????A?W?,"[[0],[0],[0],[0],[0],[0],[0],[0],[0],[0]]",fb85cf8d96ba5a504647077aa791bfb0384c67456ed70b1b57aa711e929a29b3
e6,13,12,I????A?[?,"[[0],[0],[0],[0],[0],[0],[0],[0],[0],[0]]",fb85cf8d96ba5a504647077aa791bfb0384c67456ed70b1b57aa711e929a29b3
e6,14,13,I????A?]?,"[[0],[0],[0],[0],[0],[0],[0],[0],[0],[0]]",fb85cf8d96ba5a504647077aa791bfb0384c67456ed70b1b57aa711e929a29b3
e6,15,14,I????A?^?,"[[0],[0],[0],[0],[0],[0],[0],[0],[0],[0]]",fb85cf8d96ba5a504647077aa791bfb0384c67456ed70b1b57aa711e929a29b3
e6,16,15,I????A?^_,"[[0],[0],[0],[0],[0],[0],[0],[0],[0],[0]]",fb85cf8d96ba5a504647077aa791bfb0384c67456ed70b1b57aa711e929a29b3
e6,17,16,I????A?^o,"[[0],[0],[0],[0],[0],[0],[0],[0],[0],[0]]",fb85cf8d96ba5a504647077aa791bfb0384c67456ed70b1b57aa711e929a29b3
e6,18,17,I????A?_G,"[[0],[0],[0],[0],[0],[0],[0],[0],[0],[0]]",fb85cf8d96ba5a504647077aa791bfb0384c67456ed70b1b57aa711e929a29b3
e6,19,18,I????A?o?,"[[0],[0],[0],[0],[0],[0],[0],[0],[0],[0]]",fb85cf8d96ba5a504647077aa791bfb0384c67456ed70b1b57aa711e929a29b3
e6,20,19,I????A?oG,"[[0],[0],[0],[0],[0],[0],[0],[0],[0],[0]]",fb85cf8d96ba5a504647077aa791bfb0384c67456ed70b1b57aa711e929a29b3
e6,21,20,I????A?w?,"[[0],[0],[0],[0],[0],[0],[0],[0],[0],[0]]",fb85cf8d96ba5a504647077aa791bfb0384c67456ed70b1b57aa711e929a29b3
e6,22,21,I????A?wG,"[[0],[0],[0],[0],[0],[0],[0],[0],[0],[0]]",fb85cf8d96ba5a504647077aa791bfb0384c67456ed70b1b57aa711e929a29b3
e6,23,22,I????A?{?,"[[0],[0],[0],[0],[0],[0],[0],[0],[0],[0]]",fb85cf8d96ba5a504647077aa791bfb0384c67456ed70b1b57aa711e929a29b3
e6,24,23,I????A?{G,"[[0],[0],[0],[0],[0],[0],[0],[0],[0],[0]]",fb85cf8d96ba5a504647077aa791bfb0384c67456ed70b1b57aa711e929a29b3
e6,25,24,I????A?}?,"[[0],[0],[0],[0],[0],[0],[0],[0],[0],[0]]",fb85cf8d96ba5a504647077aa791bfb0384c67456ed70b1b57aa711e929a29b3
e6,26,25,I????A?}G,"[[0],[0],[0],[0],[0],[0],[0],[0],[0],[0]]",fb85cf8d96ba5a504647077aa791bfb0384c67456ed70b1b57aa711e929a29b3
e6,27,26,I????A?~?,"[[0],[0],[0],[0],[0],[0],[0],[0],[0],[0]]",fb85cf8d96ba5a504647077aa791bfb0384c67456ed70b1b57aa711e929a29b3
e6,28,27,I????A?~G,"[[0],[0],[0],[0],[0],[0],[0],[0],[0],[0]]",fb85cf8d96ba5a504647077aa791bfb0384c67456ed70b1b57aa711e929a29b3
e6,29,28,I????A?~_,"[[0],[0],[0],[0],[0],[0],[0],[0],[0],[0]]",fb85cf8d96ba5a504647077aa791bfb0384c67456ed70b1b57aa711e929a29b3
e6,30,29,I????A?~g,"[[0],[0],[0],[0],[0],[0],[0],[0],[0],[0]]",fb85cf8d96ba5a504647077aa791bfb0384c67456ed70b1b57aa711e929a29b3
e6,31,30,I????A?~o,"[[0],[0],[0],[0],[0],[0],[0],[0],[0],[0]]",fb85cf8d96ba5a504647077aa791bfb0384c67456ed70b1b57aa711e929a29b3
e6,32,31,I????A?~w,"[[0],[0],[0],[0],[0],[0],[0],[0],[0],[0]]",fb85cf8d96ba5a504647077aa791bfb0384c67456ed70b1b57aa711e929a29b3
e6,33,32,I????B?K?,"[[0],[0],[0],[0],[0],[0],[0],[0],[0],[0]]",fb85cf8d96ba5a504647077aa791bfb0384c67456ed70b1b57aa711e929a29b3
e7,1,0,I????????,"[[0],[0],[0],[0],[0],[0],[0],[0],[0],[0]]",fb85cf8d96ba5a504647077aa791bfb0384c67456ed70b1b57aa711e929a29b3
e7,2,1,I??????_?,"[[0],[0],[0],[0],[0],[0],[0],[0],[0],[0]]",fb85cf8d96ba5a504647077aa791bfb0384c67456ed70b1b57aa711e929a29b3
e7,3,2,I??????o?,"[[0],[0],[0],[0],[0],[0],[0],[0],[0],[0]]",fb85cf8d96ba5a504647077aa791bfb0384c67456ed70b1b57aa711e929a29b3
e7,4,3,I??????w?,"[[0],[0],[0],[0],[0],[0],[0],[0],[0],[0]]",fb85cf8d96ba5a504647077aa791bfb0384c67456ed70b1b57aa711e929a29b3
e7,5,4,I??????{?,"[[0],[0],[0],[0],[0],[0],[0],[0],[0],[0]]",fb85cf8d96ba5a504647077aa791bfb0384c67456ed70b1b57aa711e929a29b3
e7,6,5,I??????}?,"[[0],[0],[0],[0],[0],[0],[0],[0],[0],[0]]",fb85cf8d96ba5a504647077aa791bfb0384c67456ed70b1b57aa711e929a29b3
e7,7,6,I??????~?,"[[0],[0],[0],[0],[0],[0],[0],[0],[0],[0]]",fb85cf8d96ba5a504647077aa791bfb0384c67456ed70b1b57aa711e929a29b3
e7,8,7,I??????~_,"[[0],[0],[0],[0],[0],[0],[0],[0],[0],[0]]",fb85cf8d96ba5a504647077aa791bfb0384c67456ed70b1b57aa711e929a29b3
e7,9,8,I??????~o,"[[0],[0],[0],[0],[0],[0],[0],[0],[0],[0]]",fb85cf8d96ba5a504647077aa791bfb0384c67456ed70b1b57aa711e929a29b3
e7,10,9,I??????~w,"[[0],[0],[0],[0],[0],[0],[0],[0],[0],[0]]",fb85cf8d96ba5a504647077aa791bfb0384c67456ed70b1b57aa711e929a29b3
e7,11,10,I????A?O?,"[[0],[0],[0],[0],[0],[0],[0],[0],[0],[0]]",fb85cf8d96ba5a504647077aa791bfb0384c67456ed70b1b57aa711e929a29b3
e7,12,11,I????A?W?,"[[0],[0],[0],[0],[0],[0],[0],[0],[0],[0]]",fb85cf8d96ba5a504647077aa791bfb0384c67456ed70b1b57aa711e929a29b3
e7,13,12,I????A?[?,"[[0],[0],[0],[0],[0],[0],[0],[0],[0],[0]]",fb85cf8d96ba5a504647077aa791bfb0384c67456ed70b1b57aa711e929a29b3
e7,14,13,I????A?]?,"[[0],[0],[0],[0],[0],[0],[0],[0],[0],[0]]",fb85cf8d96ba5a504647077aa791bfb0384c67456ed70b1b57aa711e929a29b3
e7,15,14,I????A?^?,"[[0],[0],[0],[0],[0],[0],[0],[0],[0],[0]]",fb85cf8d96ba5a504647077aa791bfb0384c67456ed70b1b57aa711e929a29b3
e7,16,15,I????A?^_,"[[0],[0],[0],[0],[0],[0],[0],[0],[0],[0]]",fb85cf8d96ba5a504647077aa791bfb0384c67456ed70b1b57aa711e929a29b3
e7,17,16,I????A?^o,"[[0],[0],[0],[0],[0],[0],[0],[0],[0],[0]]",fb85cf8d96ba5a504647077aa791bfb0384c67456ed70b1b57aa711e929a29b3
e7,18,17,I????A?_G,"[[0],[0],[0],[0],[0],[0],[0],[0],[0],[0]]",fb85cf8d96ba5a504647077aa791bfb0384c67456ed70b1b57aa711e929a29b3
e7,19,18,I????A?o?,"[[0],[0],[0],[0],[0],[0],[0],[0],[0],[0]]",fb85cf8d96ba5a504647077aa791bfb0384c67456ed70b1b57aa711e929a29b3
e7,20,19,I????A?oG,"[[0],[0],[0],[0],[0],[0],[0],[0],[0],[0]]",fb85cf8d96ba5a504647077aa791bfb0384c67456ed70b1b57aa711e929a29b3
e7,21,20,I????A?w?,"[[0],[0],[0],[0],[0],[0],[0],[0],[0],[0]]",fb85cf8d96ba5a504647077aa791bfb0384c67456ed70b1b57aa711e929a29b3
e7,22,21,I????A?wG,"[[0],[0],[0],[0],[0],[0],[0],[0],[0],[0]]",fb85cf8d96ba5a504647077aa791bfb0384c67456ed70b1b57aa711e929a29b3
e7,23,22,I????A?{?,"[[0],[0],[0],[0],[0],[0],[0],[0],[0],[0]]",fb85cf8d96ba5a504647077aa791bfb0384c67456ed70b1b57aa711e929a29b3
e7,24,23,I????A?{G,"[[0],[0],[0],[0],[0],[0],[0],[0],[0],[0]]",fb85cf8d96ba5a504647077aa791bfb0384c67456ed70b1b57aa711e929a29b3
e7,25,24,I????A?}?,"[[0],[0],[0],[0],[0],[0],[0],[0],[0],[0]]",fb85cf8d96ba5a504647077aa791bfb0384c67456ed70b1b57aa711e929a29b3
e7,26,25,I????A?}G,"[[0],[0],[0],[0],[0],[0],[0],[0],[0],[0]]",fb85cf8d96ba5a504647077aa791bfb0384c67456ed70b1b57aa711e929a29b3
e7,27,26,I????A?~?,"[[0],[0],[0],[0],[0],[0],[0],[0],[0],[0]]",fb85cf8d96ba5a504647077aa791bfb0384c67456ed70b1b57aa711e929a29b3
e7,28,27,I????A?~G,"[[0],[0],[0],[0],[0],[0],[0],[0],[0],[0]]",fb85cf8d96ba5a504647077aa791bfb0384c67456ed70b1b57aa711e929a29b3
e7,29,28,I????A?~_,"[[0],[0],[0],[0],[0],[0],[0],[0],[0],[0]]",fb85cf8d96ba5a504647077aa791bfb0384c67456ed70b1b57aa711e929a29b3
e7,30,29,I????A?~g,"[[0],[0],[0],[0],[0],[0],[0],[0],[0],[0]]",fb85cf8d96ba5a504647077aa791bfb0384c67456ed70b1b57aa711e929a29b3
e7,31,30,I????A?~o,"[[0],[0],[0],[0],[0],[0],[0],[0],[0],[0]]",fb85cf8d96ba5a504647077aa791bfb0384c67456ed70b1b57aa711e929a29b3
e7,32,31,I????A?~w,"[[0],[0],[0],[0],[0],[0],[0],[0],[0],[0]]",fb85cf8d96ba5a504647077aa791bfb0384c67456ed70b1b57aa711e929a29b3
e7,33,32,I????B?K?,"[[0],[0],[0],[0],[0],[0],[0],[0],[0],[0]]",fb85cf8d96ba5a504647077aa791bfb0384c67456ed70b1b57aa711e929a29b3
e8,1,0,I????????,"[[0],[0],[0],[0],[0],[0],[0],[0],[0],[0]]",fb85cf8d96ba5a504647077aa791bfb0384c67456ed70b1b57aa711e929a29b3
e8,2,1,I??????_?,"[[0],[0],[0],[0],[0],[0],[0],[0],[0],[0]]",fb85cf8d96ba5a504647077aa791bfb0384c67456ed70b1b57aa711e929a29b3
e8,3,2,I??????o?,"[[0],[0],[0],[0],[0],[0],[0],[0],[0],[0]]",fb85cf8d96ba5a504647077aa791bfb0384c67456ed70b1b57aa711e929a29b3
e8,4,3,I??????w?,"[[0],[0],[0],[0],[0],[0],[0],[0],[0],[0]]",fb85cf8d96ba5a504647077aa791bfb0384c67456ed70b1b57aa711e929a29b3
e8,5,4,I??????{?,"[[0],[0],[0],[0],[0],[0],[0],[0],[0],[0]]",fb85cf8d96ba5a504647077aa791bfb0384c67456ed70b1b57aa711e929a29b3
e8,6,5,I??????}?,"[[0],[0],[0],[0],[0],[0],[0],[0],[0],[0]]",fb85cf8d96ba5a504647077aa791bfb0384c67456ed70b1b57aa711e929a29b3
e8,7,6,I??????~?,"[[0],[0],[0],[0],[0],[0],[0],[0],[0],[0]]",fb85cf8d96ba5a504647077aa791bfb0384c67456ed70b1b57aa711e929a29b3
e8,8,7,I??????~_,"[[0],[0],[0],[0],[0],[0],[0],[0],[0],[0]]",fb85cf8d96ba5a504647077aa791bfb0384c67456ed70b1b57aa711e929a29b3
e8,9,8,I??????~o,"[[0],[0],[0],[0],[0],[0],[0],[0],[0],[0]]",fb85cf8d96ba5a504647077aa791bfb0384c67456ed70b1b57aa711e929a29b3
e8,10,9,I??????~w,"[[0],[0],[0],[0],[0],[0],[0],[0],[0],[0]]",fb85cf8d96ba5a504647077aa791bfb0384c67456ed70b1b57aa711e929a29b3
e8,11,10,I????A?O?,"[[0],[0],[0],[0],[0],[0],[0],[0],[0],[0]]",fb85cf8d96ba5a504647077aa791bfb0384c67456ed70b1b57aa711e929a29b3
e8,12,11,I????A?W?,"[[0],[0],[0],[0],[0],[0],[0],[0],[0],[0]]",fb85cf8d96ba5a504647077aa791bfb0384c67456ed70b1b57aa711e929a29b3
e8,13,12,I????A?[?,"[[0],[0],[0],[0],[0],[0],[0],[0],[0],[0]]",fb85cf8d96ba5a504647077aa791bfb0384c67456ed70b1b57aa711e929a29b3
e8,14,13,I????A?]?,"[[0],[0],[0],[0],[0],[0],[0],[0],[0],[0]]",fb85cf8d96ba5a504647077aa791bfb0384c67456ed70b1b57aa711e929a29b3
e8,15,14,I????A?^?,"[[0],[0],[0],[0],[0],[0],[0],[0],[0],[0]]",fb85cf8d96ba5a504647077aa791bfb0384c67456ed70b1b57aa711e929a29b3
e8,16,15,I????A?^_,"[[0],[0],[0],[0],[0],[0],[0],[0],[0],[0]]",fb85cf8d96ba5a504647077aa791bfb0384c67456ed70b1b57aa711e929a29b3
e8,17,16,I????A?^o,"[[0],[0],[0],[0],[0],[0],[0],[0],[0],[0]]",fb85cf8d96ba5a504647077aa791bfb0384c67456ed70b1b57aa711e929a29b3
e8,18,17,I????A?_G,"[[0],[0],[0],[0],[0],[0],[0],[0],[0],[0]]",fb85cf8d96ba5a504647077aa791bfb0384c67456ed70b1b57aa711e929a29b3
e8,19,18,I????A?o?,"[[0],[0],[0],[0],[0],[0],[0],[0],[0],[0]]",fb85cf8d96ba5a504647077aa791bfb0384c67456ed70b1b57aa711e929a29b3
e8,20,19,I????A?oG,"[[0],[0],[0],[0],[0],[0],[0],[0],[0],[0]]",fb85cf8d96ba5a504647077aa791bfb0384c67456ed70b1b57aa711e929a29b3
e8,21,20,I????A?w?,"[[0],[0],[0],[0],[0],[0],[0],[0],[0],[0]]",fb85cf8d96ba5a504647077aa791bfb0384c67456ed70b1b57aa711e929a29b3
e8,22,21,I????A?wG,"[[0],[0],[0],[0],[0],[0],[0],[0],[0],[0]]",fb85cf8d96ba5a504647077aa791bfb0384c67456ed70b1b57aa711e929a29b3
e8,23,22,I????A?{?,"[[0],[0],[0],[0],[0],[0],[0],[0],[0],[0]]",fb85cf8d96ba5a504647077aa791bfb0384c67456ed70b1b57aa711e929a29b3
e8,24,23,I????A?{G,"[[0],[0],[0],[0],[0],[0],[0],[0],[0],[0]]",fb85cf8d96ba5a504647077aa791bfb0384c67456ed70b1b57aa711e929a29b3
e8,25,24,I????A?}?,"[[0],[0],[0],[0],[0],[0],[0],[0],[0],[0]]",fb85cf8d96ba5a504647077aa791bfb0384c67456ed70b1b57aa711e929a29b3
e8,26,25,I????A?}G,"[[0],[0],[0],[0],[0],[0],[0],[0],[0],[0]]",fb85cf8d96ba5a504647077aa791bfb0384c67456ed70b1b57aa711e929a29b3
e8,27,26,I????A?~?,"[[0],[0],[0],[0],[0],[0],[0],[0],[0],[0]]",fb85cf8d96ba5a504647077aa791bfb0384c67456ed70b1b57aa711e929a29b3
e8,28,27,I????A?~G,"[[0],[0],[0],[0],[0],[0],[0],[0],[0],[0]]",fb85cf8d96ba5a504647077aa791bfb0384c67456ed70b1b57aa711e929a29b3
e8,29,28,I????A?~_,"[[0],[0],[0],[0],[0],[0],[0],[0],[0],[0]]",fb85cf8d96ba5a504647077aa791bfb0384c67456ed70b1b57aa711e929a29b3
e8,30,29,I????A?~g,"[[0],[0],[0],[0],[0],[0],[0],[0],[0],[0]]",fb85cf8d96ba5a504647077aa791bfb0384c67456ed70b1b57aa711e929a29b3
e8,31,30,I????A?~o,"[[0],[0],[0],[0],[0],[0],[0],[0],[0],[0]]",fb85cf8d96ba5a504647077aa791bfb0384c67456ed70b1b57aa711e929a29b3
e8,32,31,I????A?~w,"[[0],[0],[0],[0],[0],[0],[0],[0],[0],[0]]",fb85cf8d96ba5a504647077aa791bfb0384c67456ed70b1b57aa711e929a29b3
e8,33,32,I????B?K?,"[[0],[0],[0],[0],[0],[0],[0],[0],[0],[0]]",fb85cf8d96ba5a504647077aa791bfb0384c67456ed70b1b57aa711e929a29b3
e9,1,0,I????????,"[[0],[0],[0],[0],[0],[0],[0],[0],[0],[0]]",fb85cf8d96ba5a504647077aa791bfb0384c67456ed70b1b57aa711e929a29b3
e9,2,1,I??????_?,"[[0],[0],[0],[0],[0],[0],[0],[0],[0],[0]]",fb85cf8d96ba5a504647077aa791bfb0384c67456ed70b1b57aa711e929a29b3
e9,3,2,I??????o?,"[[0],[0],[0],[0],[0],[0],[0],[0],[0],[0]]",fb85cf8d96ba5a504647077aa791bfb0384c67456ed70b1b57aa711e929a29b3
e9,4,3,I??????w?,"[[0],[0],[0],[0],[0],[0],[0],[0],[0],[0]]",fb85cf8d96ba5a504647077aa791bfb0384c67456ed70b1b57aa711e929a29b3
e9,5,4,I??????{?,"[[0],[0],[0],[0],[0],[0],[0],[0],[0],[0]]",fb85cf8d96ba5a504647077aa791bfb0384c67456ed70b1b57aa711e929a29b3
e9,6,5,I??????}?,"[[0],[0],[0],[0],[0],[0],[0],[0],[0],[0]]",fb85cf8d96ba5a504647077aa791bfb0384c67456ed70b1b57aa711e929a29b3
e9,7,6,I??????~?,"[[0],[0],[0],[0],[0],[0],[0],[0],[0],[0]]",fb85cf8d96ba5a504647077aa791bfb0384c67456ed70b1b57aa711e929a29b3
e9,8,7,I??????~_,"[[0],[0],[0],[0],[0],[0],[0],[0],[0],[0]]",fb85cf8d96ba5a504647077aa791bfb0384c67456ed70b1b57aa711e929a29b3
e9,9,8,I??????~o,"[[0],[0],[0],[0],[0],[0],[0],[0],[0],[0]]",fb85cf8d96ba5a504647077aa791bfb0384c67456ed70b1b57aa711e929a29b3
e9,10,9,I??????~w,"[[0],[0],[0],[0],[0],[0],[0],[0],[0],[0]]",fb85cf8d96ba5a504647077aa791bfb0384c67456ed70b1b57aa711e929a29b3
e9,11,10,I????A?O?,"[[0],[0],[0],[0],[0],[0],[0],[0],[0],[0]]",fb85cf8d96ba5a504647077aa791bfb0384c67456ed70b1b57aa711e929a29b3
e9,12,11,I????A?W?,"[[0],[0],[0],[0],[0],[0],[0],[0],[0],[0]]",fb85cf8d96ba5a504647077aa791bfb0384c67456ed70b1b57aa711e929a29b3
e9,13,12,I????A?[?,"[[0],[0],[0],[0],[0],[0],[0],[0],[0],[0]]",fb85cf8d96ba5a504647077aa791bfb0384c67456ed70b1b57aa711e929a29b3
e9,14,13,I????A?]?,"[[0],[0],[0],[0],[0],[0],[0],[0],[0],[0]]",fb85cf8d96ba5a504647077aa791bfb0384c67456ed70b1b57aa711e929a29b3
e9,15,14,I????A?^?,"[[0],[0],[0],[0],[0],[0],[0],[0],[0],[0]]",fb85cf8d96ba5a504647077aa791bfb0384c67456ed70b1b57aa711e929a29b3
e9,16,15,I????A?^_,"[[0],[0],[0],[0],[0],[0],[0],[0],[0],[0]]",fb85cf8d96ba5a504647077aa791bfb0384c67456ed70b1b57aa711e929a29b3
e9,17,16,I????A?^o,"[[0],[0],[0],[0],[0],[0],[0],[0],[0],[0]]",fb85cf8d96ba5a504647077aa791bfb0384c67456ed70b1b57aa711e929a29b3
e9,18,17,I????A?_G,"[[0],[0],[0],[0],[0],[0],[0],[0],[0],[0]]",fb85cf8d96ba5a504647077aa791bfb0384c67456ed70b1b57aa711e929a29b3
e9,19,18,I????A?o?,"[[0],[0],[0],[0],[0],[0],[0],[0],[0],[0]]",fb85cf8d96ba5a504647077aa791bfb0384c67456ed70b1b57aa711e929a29b3
e9,20,19,I????A?oG,"[[0],[0],[0],[0],[0],[0],[0],[0],[0],[0]]",fb85cf8d96ba5a504647077aa791bfb0384c67456ed70b1b57aa711e929a29b3
e9,21,20,I????A?w?,"[[0],[0],[0],[0],[0],[0],[0],[0],[0],[0]]",fb85cf8d96ba5a504647077aa791bfb0384c67456ed70b1b57aa711e929a29b3
e9,22,21,I????A?wG,"[[0],[0],[0],[0],[0],[0],[0],[0],[0],[0]]",fb85cf8d96ba5a504647077aa791bfb0384c67456ed70b1b57aa711e929a29b3
e9,23,22,I????A?{?,"[[0],[0],[0],[0],[0],[0],[0],[0],[0],[0]]",fb85cf8d96ba5a504647077aa791bfb0384c67456ed70b1b57aa711e929a29b3
e9,24,23,I????A?{G,"[[0],[0],[0],[0],[0],[0],[0],[0],[0],[0]]",fb85cf8d96ba5a504647077aa791bfb0384c67456ed70b1b57aa711e929a29b3
e9,25,24,I????A?}?,"[[0],[0],[0],[0],[0],[0],[0],[0],[0],[0]]",fb85cf8d96ba5a504647077aa791bfb0384c67456ed70b1b57aa711e929a29b3
e9,26,25,I????A?}G,"[[0],[0],[0],[0],[0],[0],[0],[0],[0],[0]]",fb85cf8d96ba5a504647077aa791bfb0384c67456ed70b1b57aa711e929a29b3
e9,27,26,I????A?~?,"[[0],[0],[0],[0],[0],[0],[0],[0],[0],[0]]",fb85cf8d96ba5a504647077aa791bfb0384c67456ed70b1b57aa711e929a29b3
e9,28,27,I????A?~G,"[[0],[0],[0],[0],[0],[0],[0],[0],[0],[0]]",fb85cf8d96ba5a504647077aa791bfb0384c67456ed70b1b57aa711e929a29b3
e9,29,28,I????A?~_,"[[0],[0],[0],[0],[0],[0],[0],[0],[0],[0]]",fb85cf8d96ba5a504647077aa791bfb0384c67456ed70b1b57aa711e929a29b3
e9,30,29,I????A?~g,"[[0],[0],[0],[0],[0],[0],[0],[0],[0],[0]]",fb85cf8d96ba5a504647077aa791bfb0384c67456ed70b1b57aa711e929a29b3
e9,31,30,I????A?~o,"[[0],[0],[0],[0],[0],[0],[0],[0],[0],[0]]",fb85cf8d96ba5a504647077aa791bfb0384c67456ed70b1b57aa711e929a29b3
e9,32,31,I????A?~w,"[[0],[0],[0],[0],[0],[0],[0],[0],[0],[0]]",fb85cf8d96ba5a504647077aa791bfb0384c67456ed70b1b57aa711e929a29b3
e9,33,32,I????B?K?,"[[0],[0],[0],[0],[0],[0],[0],[0],[0],[0]]",fb85cf8d96ba5a504647077aa791bfb0384c67456ed70b1b57aa711e929a29b3
tree,1,0,I????????,"[[0],[0],[0],[0],[0],[0],[0],[0],[0],[0]]",fb85cf8d96ba5a504647077aa791bfb0384c67456ed70b1b57aa711e929a29b3
tree,2,1,I??????_?,"[[0],[0],[0],[0],[0],[0],[0],[0],[0],[0]]",fb85cf8d96ba5a504647077aa791bfb0384c67456ed70b1b57aa711e929a29b3
tree,3,2,I??????o?,"[[0],[0],[0],[0],[0],[0],[0],[0],[0],[0]]",fb85cf8d96ba5a504647077aa791bfb0384c67456ed70b1b57aa711e929a29b3
tree,4,3,I??????w?,"[[0],[0],[0],[0],[0],[0],[0],[0],[0],[0]]",fb85cf8d96ba5a504647077aa791bfb0384c67456ed70b1b57aa711e929a29b3
tree,5,4,I??????{?,"[[0],[0],[0],[0],[0],[0],[0],[0],[0],[0]]",fb85cf8d96ba5a504647077aa791bfb0384c67456ed70b1b57aa711e929a29b3
tree,6,5,I??????}?,"[[0],[0],[0],[0],[0],[0],[0],[0],[0],[0]]",fb85cf8d96ba5a504647077aa791bfb0384c67456ed70b1b57aa711e929a29b3
tree,7,6,I??????~?,"[[0],[0],[0],[0],[0],[0],[0],[0],[0],[0]]",fb85cf8d96ba5a504647077aa791bfb0384c67456ed70b1b57aa711e929a29b3
tree,8,7,I??????~_,"[[0],[0],[0],[0],[0],[0],[0],[0],[0],[0]]",fb85cf8d96ba5a504647077aa791bfb0384c67456ed70b1b57aa711e929a29b3
tree,9,10,I????A?O?,"[[0],[0],[0],[0],[0],[0],[0],[0],[0],[0]]",fb85cf8d96ba5a504647077aa791bfb0384c67456ed70b1b57aa711e929a29b3
tree,10,11,I????A?W?,"[[0],[0],[0],[0],[0],[0],[0],[0],[0],[0]]",fb85cf8d96ba5a504647077aa791bfb0384c67456ed70b1b57aa711e929a29b3
tree,11,12,I????A?[?,"[[0],[0],[0],[0],[0],[0],[0],[0],[0],[0]]",fb85cf8d96ba5a504647077aa791bfb0384c67456ed70b1b57aa711e929a29b3
tree,12,13,I????A?]?,"[[0],[0],[0],[0],[0],[0],[0],[0],[0],[0]]",fb85cf8d96ba5a504647077aa791bfb0384c67456ed70b1b57aa711e929a29b3
tree,13,14,I????A?^?,"[[0],[0],[0],[0],[0],[0],[0],[0],[0],[0]]",fb85cf8d96ba5a504647077aa791bfb0384c67456ed70b1b57aa711e929a29b3
tree,14,17,I????A?_G,"[[0],[0],[0],[0],[0],[0],[0],[0],[0],[0]]",fb85cf8d96ba5a504647077aa791bfb0384c67456ed70b1b57aa711e929a29b3
tree,15,18,I????A?o?,"[[0],[0],[0],[0],[0],[0],[0],[0],[0],[0]]",fb85cf8d96ba5a504647077aa791bfb0384c67456ed70b1b57aa711e929a29b3
tree,16,19,I????A?oG,"[[0],[0],[0],[0],[0],[0],[0],[0],[0],[0]]",fb85cf8d96ba5a504647077aa791bfb0384c67456ed70b1b57aa711e929a29b3
tree,17,20,I????A?w?,"[[0],[0],[0],[0],[0],[0],[0],[0],[0],[0]]",fb85cf8d96ba5a504647077aa791bfb0384c67456ed70b1b57aa711e929a29b3
tree,18,21,I????A?wG,"[[0],[0],[0],[0],[0],[0],[0],[0],[0],[0]]",fb85cf8d96ba5a504647077aa791bfb0384c67456ed70b1b57aa711e929a29b3
tree,19,22,I????A?{?,"[[0],[0],[0],[0],[0],[0],[0],[0],[0],[0]]",fb85cf8d96ba5a504647077aa791bfb0384c67456ed70b1b57aa711e929a29b3
tree,20,23,I????A?{G,"[[0],[0],[0],[0],[0],[0],[0],[0],[0],[0]]",fb85cf8d96ba5a504647077aa791bfb0384c67456ed70b1b57aa711e929a29b3
tree,21,24,I????A?}?,"[[0],[0],[0],[0],[0],[0],[0],[0],[0],[0]]",fb85cf8d96ba5a504647077aa791bfb0384c67456ed70b1b57aa711e929a29b3
tree,22,25,I????A?}G,"[[0],[0],[0],[0],[0],[0],[0],[0],[0],[0]]",fb85cf8d96ba5a504647077aa791bfb0384c67456ed70b1b57aa711e929a29b3
tree,23,26,I????A?~?,"[[0],[0],[0],[0],[0],[0],[0],[0],[0],[0]]",fb85cf8d96ba5a504647077aa791bfb0384c67456ed70b1b57aa711e929a29b3
tree,24,27,I????A?~G,"[[0],[0],[0],[0],[0],[0],[0],[0],[0],[0]]",fb85cf8d96ba5a504647077aa791bfb0384c67456ed70b1b57aa711e929a29b3
tree,25,32,I????B?K?,"[[0],[0],[0],[0],[0],[0],[0],[0],[0],[0]]",fb85cf8d96ba5a504647077aa791bfb0384c67456ed70b1b57aa711e929a29b3
tree,26,33,I????B?KG,"[[0],[0],[0],[0],[0],[0],[0],[0],[0],[0]]",fb85cf8d96ba5a504647077aa791bfb0384c67456ed70b1b57aa711e929a29b3
tree,27,34,I????B?M?,"[[0],[0],[0],[0],[0],[0],[0],[0],[0],[0]]",fb85cf8d96ba5a504647077aa791bfb0384c67456ed70b1b57aa711e929a29b3
tree,28,35,I????B?MG,"[[0],[0],[0],[0],[0],[0],[0],[0],[0],[0]]",fb85cf8d96ba5a504647077aa791bfb0384c67456ed70b1b57aa711e929a29b3
tree,29,36,I????B?N?,"[[0],[0],[0],[0],[0],[0],[0],[0],[0],[0]]",fb85cf8d96ba5a504647077aa791bfb0384c67456ed70b1b57aa711e929a29b3
tree,30,37,I????B?NG,"[[0],[0],[0],[0],[0],[0],[0],[0],[0],[0]]",fb85cf8d96ba5a504647077aa791bfb0384c67456ed70b1b57aa711e929a29b3
tree,31,38,I????B?N_,"[[0],[0],[0],[0],[0],[0],[0],[0],[0],[0]]",fb85cf8d96ba5a504647077aa791bfb0384c67456ed70b1b57aa711e929a29b3
tree,32,40,I????B?No,"[[0],[0],[0],[0],[0],[0],[0],[0],[0],[0]]",fb85cf8d96ba5a504647077aa791bfb0384c67456ed70b1b57aa711e929a29b3
tree,33,42,I????B?gG,"[[0],[0],[0],[0],[0],[0],[0],[0],[0],[0]]",fb85cf8d96ba5a504647077aa791bfb0384c67456ed70b1b57aa711e929a29b3
